{"cameraMode":{"drawMode":0,"name":"Shaded","section":"Shading Mode"},"sceneLighting":true,"audioPlay":false,"sceneViewState":{"showFog":true,"showMaterialUpdate":false,"showSkybox":true,"showFlares":true,"showImageEffects":true,"showParticleSystems":true},"in2DMode":false,"pivot":{"x":417.342041015625,"y":607.0582885742188,"z":160.03012084960938},"rotation":{"x":0.06715904921293259,"y":-0.8532072305679321,"z":0.11355103552341461,"w":0.5046253204345703},"size":4.61998987197876,"orthographic":false}