{"cameraMode":{"drawMode":0,"name":"Shaded","section":"Shading Mode"},"sceneLighting":false,"audioPlay":false,"sceneViewState":{"showFog":true,"showMaterialUpdate":false,"showSkybox":false,"showFlares":true,"showImageEffects":true,"showParticleSystems":true},"in2DMode":false,"pivot":{"x":376.79998779296877,"y":38.95000076293945,"z":194.0800018310547},"rotation":{"x":0.10376981645822525,"y":-0.6972571611404419,"z":0.10310563445091248,"w":0.7017446756362915},"size":11.43154239654541,"orthographic":false}