{"cameraMode":{"drawMode":0,"name":"Shaded","section":"Shading Mode"},"sceneLighting":false,"audioPlay":false,"sceneViewState":{"showFog":true,"showMaterialUpdate":false,"showSkybox":false,"showFlares":true,"showImageEffects":true,"showParticleSystems":true},"in2DMode":false,"pivot":{"x":-13.964885711669922,"y":8.126757621765137,"z":8.977917671203614},"rotation":{"x":-0.1109866052865982,"y":0.7236324548721314,"z":-0.11755814403295517,"w":-0.6716573238372803},"size":4.629146099090576,"orthographic":false}