{"cameraMode":{"drawMode":0,"name":"Shaded","section":"Shading Mode"},"sceneLighting":true,"audioPlay":false,"sceneViewState":{"showFog":true,"showMaterialUpdate":false,"showSkybox":false,"showFlares":true,"showImageEffects":true,"showParticleSystems":true},"in2DMode":false,"pivot":{"x":5.570000171661377,"y":426.4835205078125,"z":-39.54322814941406},"rotation":{"x":0.08868256956338883,"y":-0.01894295960664749,"z":0.001608923776075244,"w":0.995933473110199},"size":22.0,"orthographic":false}