{"cameraMode":{"drawMode":0,"name":"Shaded","section":"Shading Mode"},"sceneLighting":false,"audioPlay":false,"sceneViewState":{"showFog":true,"showMaterialUpdate":false,"showSkybox":false,"showFlares":true,"showImageEffects":true,"showParticleSystems":true},"in2DMode":false,"pivot":{"x":377.0038146972656,"y":37.31249237060547,"z":194.31422424316407},"rotation":{"x":0.005124036688357592,"y":-0.6817814707756043,"z":-0.0012224391102790833,"w":0.732476532459259},"size":8.73154067993164,"orthographic":false}